<?xml version="1.0" encoding="UTF-8"?>
<project-private xmlns="http://www.netbeans.org/ns/project-private/1">
    <editor-bookmarks xmlns="http://www.netbeans.org/ns/editor-bookmarks/2" lastBookmarkId="0"/>
    <open-files xmlns="http://www.netbeans.org/ns/projectui-open-files/2">
        <group>
            <file>file:/C:/Users/Stefan/Documents/GitHub/GSO3-2/week7/AEXBanner7/src/Server/IEffectenbeurs.java</file>
            <file>file:/C:/Users/Stefan/Documents/GitHub/GSO3-2/week7/AEXBanner7/src/Utils/IFonds.java</file>
            <file>file:/C:/Users/Stefan/Documents/GitHub/GSO3-2/week7/AEXBanner7/src/Server/RMIServer.java</file>
            <file>file:/C:/Users/Stefan/Documents/GitHub/GSO3-2/week7/AEXBanner7/src/Utils/Fonds.java</file>
            <file>file:/C:/Users/Stefan/Documents/GitHub/GSO3-2/week7/AEXBanner7/src/Server/StockExchange.java</file>
            <file>file:/C:/Users/Stefan/Documents/GitHub/GSO3-2/week7/AEXBanner7/src/Client/PullTask.java</file>
            <file>file:/C:/Users/Stefan/Documents/GitHub/GSO3-2/week7/AEXBanner7/src/Server/MockEffectenbeurs.java</file>
            <file>file:/C:/Users/Stefan/Documents/GitHub/GSO3-2/week7/AEXBanner7/src/Client/BannerController.java</file>
            <file>file:/C:/Users/Stefan/Documents/GitHub/GSO3-2/week7/AEXBanner7/src/Server/GenerateTask.java</file>
            <file>file:/C:/Users/Stefan/Documents/GitHub/GSO3-2/week7/AEXBanner7/src/Client/AEXBanner.java</file>
        </group>
    </open-files>
</project-private>
